"id","sex","height","weight"
1.000000,0.000000,165.000000,55.555500
2.000000,1.000000,165.500000,55.050000
3.000000,-99.000000,165.500000,55.777000
4.000000,0.000000,165.750000,56.100000
5.000000,1.000000,165.66666666600000,56.250000
